{ "0": "BG", 
    "1": "Optic-Chiasm / Left_future_WMSA" ,  
    "2": "Right_future_WMSA/future_WMSA",
    "3": "Left-Amygdala-Anterior",
    "4": "Right-Amygdala-Anterior / Dura",
    "5": "Right-Stellate / Right-Porg",
    "6": "Right-Aorg / 5th-Ventricle",
    "7": "Left-Interior / Right-Interior",
    "8": "Left-Lateral-Ventricle / Right-Lateral-Ventricle",
    "9": "freeSurfer-94" ,
    "10": "WM-hypointensities / Left-WM-hypointensities",
    "11": "Right-WM-hypointensities / non-WM-hypointensities",
    "12": "93",
    "13": "Left-non-WM-hypointensities / Right-non-WM-hypointensities",
    "14": "Left-F1 / Right-F1",
    "15": "freeSurfer-99 / Left-wm-intensity-abnormality / Left-caudate-intensity-abnormality / Left-putamen-intensity-abnormality / Left-accumbens-intensity-abnormality",
    "16": "Left-Cerebral-Exterior / Left-mOg",
    "17": "Left-Cerebral-White-Matter / Left-pOg",
    "18": "Left-Cerebral-Cortex / Left-Stellate",
    "19": "Left-Lateral-Ventricle / Left-Porg",
    "20": "Left-Inf-Lat-Vent / Left-Aorg",
    "21": "Left-Cerebellum-Exterior / Right-Cerebral-Exterior",
    "22": "Left-Cerebellum-White-Matter / Right-Cerebral-White-Matter",
    "23": "Left-Cerebellum-Cortex / Right-Cerebral-Cortex",
    "24": "Left-Thalamus / Right-Lateral-Ventricle",
    "25": "Left-Thalamus-Proper* / Right-Inf-Lat-Vent",
    "26": "Left-Caudate / Right-Cerebellum-Exterior",
    "27": "Left-Putamen / Right-Cerebellum-White-Matter",
    "28": "Left-Pallidum / Right-Cerebellum-Cortex",
    "29": "3rd-Ventricle / Right-Thalamus",
    "30": "4th-Ventricle / Right-Thalamus-Proper*",
    "31": "Brain-Stem / Right-Caudate ",
    "32": "Left-Hippocampus / Right-Putamen" ,
    "33": "Left-Amygdala / Right-Pallidum",
    "34": "Left-Insula / Right-Hippocampus",
    "35": "Left-Operculum / Right-Amygdala",
    "36": "Line-1 / Right-Insula",
    "37": "Line-2 / Right-Operculum",
    "38": "Line-3 / Right-Lesion",
    "39": "CSF / Right-Accumbens-area",
    "40": "Left-Lesion / Right-Substancia-Nigra",
    "41": "Left-Accumbens-area / Right-VentralDC",
    "42": "Left-Substancia-Nigra / Right-undetermined",
    "43": "Left-VentralDC / Right-vessel",
    "44": "Left-undetermined / Right-choroid-plexus",
    "45": "Left-vessel / Right-F3orb",
    "46": "Left-choroid-plexus /  Right-lOg",
    "47": "Left-F3orb / Right-aOg",
    "48": "Left-lOg / Right-mOg",
    "49": "Left-aOg / Right-pOg"
}